<annotation>
	<folder>Images</folder>
	<filename>screenshot_214.png</filename>
	<path>Data/all\screenshot_214.png</path>
	<source>
		<database>Unknown</database>
	</source>
	<size>
		<width>800</width>
		<height>450</height>
		<depth>3</depth>
	</size>
	<segmented>0</segmented>
	<object>
		<name>enemy_slug</name>
		<pose>Unspecified</pose>
		<truncated>0</truncated>
		<difficult>0</difficult>
		<bndbox>
			<xmin>134</xmin>
			<ymin>347</ymin>
			<xmax>160</xmax>
			<ymax>375</ymax>
		</bndbox>
	</object>
	<object>
		<name>enemy_slug</name>
		<pose>Unspecified</pose>
		<truncated>0</truncated>
		<difficult>0</difficult>
		<bndbox>
			<xmin>99</xmin>
			<ymin>365</ymin>
			<xmax>136</xmax>
			<ymax>387</ymax>
		</bndbox>
	</object>
	<object>
		<name>trap_off</name>
		<pose>Unspecified</pose>
		<truncated>0</truncated>
		<difficult>0</difficult>
		<bndbox>
			<xmin>136</xmin>
			<ymin>297</ymin>
			<xmax>198</xmax>
			<ymax>360</ymax>
		</bndbox>
	</object>
	<object>
		<name>enemy_skeleton_shoot</name>
		<pose>Unspecified</pose>
		<truncated>0</truncated>
		<difficult>0</difficult>
		<bndbox>
			<xmin>313</xmin>
			<ymin>225</ymin>
			<xmax>328</xmax>
			<ymax>240</ymax>
		</bndbox>
	</object>
	<object>
		<name>shoot</name>
		<pose>Unspecified</pose>
		<truncated>0</truncated>
		<difficult>0</difficult>
		<bndbox>
			<xmin>373</xmin>
			<ymin>175</ymin>
			<xmax>396</xmax>
			<ymax>208</ymax>
		</bndbox>
	</object>
	<object>
		<name>shoot</name>
		<pose>Unspecified</pose>
		<truncated>0</truncated>
		<difficult>0</difficult>
		<bndbox>
			<xmin>340</xmin>
			<ymin>148</ymin>
			<xmax>369</xmax>
			<ymax>177</ymax>
		</bndbox>
	</object>
	<object>
		<name>player</name>
		<pose>Unspecified</pose>
		<truncated>0</truncated>
		<difficult>0</difficult>
		<bndbox>
			<xmin>354</xmin>
			<ymin>110</ymin>
			<xmax>386</xmax>
			<ymax>154</ymax>
		</bndbox>
	</object>
	<object>
		<name>player</name>
		<pose>Unspecified</pose>
		<truncated>0</truncated>
		<difficult>0</difficult>
		<bndbox>
			<xmin>385</xmin>
			<ymin>197</ymin>
			<xmax>414</xmax>
			<ymax>242</ymax>
		</bndbox>
	</object>
	<object>
		<name>trap_door</name>
		<pose>Unspecified</pose>
		<truncated>0</truncated>
		<difficult>0</difficult>
		<bndbox>
			<xmin>238</xmin>
			<ymin>131</ymin>
			<xmax>259</xmax>
			<ymax>208</ymax>
		</bndbox>
	</object>
	<object>
		<name>health-1</name>
		<pose>Unspecified</pose>
		<truncated>1</truncated>
		<difficult>0</difficult>
		<bndbox>
			<xmin>1</xmin>
			<ymin>18</ymin>
			<xmax>76</xmax>
			<ymax>44</ymax>
		</bndbox>
	</object>
	<object>
		<name>timer</name>
		<pose>Unspecified</pose>
		<truncated>1</truncated>
		<difficult>0</difficult>
		<bndbox>
			<xmin>343</xmin>
			<ymin>1</ymin>
			<xmax>461</xmax>
			<ymax>35</ymax>
		</bndbox>
	</object>
	<object>
		<name>gold_counter</name>
		<pose>Unspecified</pose>
		<truncated>1</truncated>
		<difficult>0</difficult>
		<bndbox>
			<xmin>687</xmin>
			<ymin>1</ymin>
			<xmax>800</xmax>
			<ymax>38</ymax>
		</bndbox>
	</object>
	<object>
		<name>bomb_counter_0</name>
		<pose>Unspecified</pose>
		<truncated>1</truncated>
		<difficult>0</difficult>
		<bndbox>
			<xmin>66</xmin>
			<ymin>416</ymin>
			<xmax>123</xmax>
			<ymax>450</ymax>
		</bndbox>
	</object>
</annotation>