<annotation>
	<folder>Images</folder>
	<filename>screenshot_346.png</filename>
	<path>Data/all\screenshot_346.png</path>
	<source>
		<database>Unknown</database>
	</source>
	<size>
		<width>800</width>
		<height>450</height>
		<depth>3</depth>
	</size>
	<segmented>0</segmented>
	<object>
		<name>enemy_skeleton</name>
		<pose>Unspecified</pose>
		<truncated>0</truncated>
		<difficult>0</difficult>
		<bndbox>
			<xmin>422</xmin>
			<ymin>171</ymin>
			<xmax>464</xmax>
			<ymax>212</ymax>
		</bndbox>
	</object>
	<object>
		<name>enemy_skeleton</name>
		<pose>Unspecified</pose>
		<truncated>0</truncated>
		<difficult>0</difficult>
		<bndbox>
			<xmin>455</xmin>
			<ymin>139</ymin>
			<xmax>496</xmax>
			<ymax>181</ymax>
		</bndbox>
	</object>
	<object>
		<name>enemy_slug_big</name>
		<pose>Unspecified</pose>
		<truncated>0</truncated>
		<difficult>0</difficult>
		<bndbox>
			<xmin>486</xmin>
			<ymin>240</ymin>
			<xmax>519</xmax>
			<ymax>268</ymax>
		</bndbox>
	</object>
	<object>
		<name>player</name>
		<pose>Unspecified</pose>
		<truncated>0</truncated>
		<difficult>0</difficult>
		<bndbox>
			<xmin>383</xmin>
			<ymin>202</ymin>
			<xmax>420</xmax>
			<ymax>240</ymax>
		</bndbox>
	</object>
	<object>
		<name>aim</name>
		<pose>Unspecified</pose>
		<truncated>0</truncated>
		<difficult>0</difficult>
		<bndbox>
			<xmin>430</xmin>
			<ymin>212</ymin>
			<xmax>462</xmax>
			<ymax>239</ymax>
		</bndbox>
	</object>
	<object>
		<name>shoot</name>
		<pose>Unspecified</pose>
		<truncated>0</truncated>
		<difficult>0</difficult>
		<bndbox>
			<xmin>497</xmin>
			<ymin>209</ymin>
			<xmax>519</xmax>
			<ymax>237</ymax>
		</bndbox>
	</object>
	<object>
		<name>timer</name>
		<pose>Unspecified</pose>
		<truncated>1</truncated>
		<difficult>0</difficult>
		<bndbox>
			<xmin>342</xmin>
			<ymin>1</ymin>
			<xmax>464</xmax>
			<ymax>37</ymax>
		</bndbox>
	</object>
	<object>
		<name>gold_counter</name>
		<pose>Unspecified</pose>
		<truncated>1</truncated>
		<difficult>0</difficult>
		<bndbox>
			<xmin>685</xmin>
			<ymin>1</ymin>
			<xmax>800</xmax>
			<ymax>39</ymax>
		</bndbox>
	</object>
	<object>
		<name>health-4</name>
		<pose>Unspecified</pose>
		<truncated>1</truncated>
		<difficult>0</difficult>
		<bndbox>
			<xmin>1</xmin>
			<ymin>20</ymin>
			<xmax>75</xmax>
			<ymax>44</ymax>
		</bndbox>
	</object>
	<object>
		<name>trap_door</name>
		<pose>Unspecified</pose>
		<truncated>0</truncated>
		<difficult>0</difficult>
		<bndbox>
			<xmin>299</xmin>
			<ymin>155</ymin>
			<xmax>320</xmax>
			<ymax>226</ymax>
		</bndbox>
	</object>
</annotation>