<annotation>
	<folder>Images</folder>
	<filename>screenshot_331.png</filename>
	<path>Data/all\screenshot_331.png</path>
	<source>
		<database>Unknown</database>
	</source>
	<size>
		<width>800</width>
		<height>450</height>
		<depth>3</depth>
	</size>
	<segmented>0</segmented>
	<object>
		<name>enemy_slug_hit</name>
		<pose>Unspecified</pose>
		<truncated>0</truncated>
		<difficult>0</difficult>
		<bndbox>
			<xmin>219</xmin>
			<ymin>218</ymin>
			<xmax>259</xmax>
			<ymax>252</ymax>
		</bndbox>
	</object>
	<object>
		<name>shoot</name>
		<pose>Unspecified</pose>
		<truncated>0</truncated>
		<difficult>0</difficult>
		<bndbox>
			<xmin>279</xmin>
			<ymin>225</ymin>
			<xmax>319</xmax>
			<ymax>238</ymax>
		</bndbox>
	</object>
	<object>
		<name>player</name>
		<pose>Unspecified</pose>
		<truncated>0</truncated>
		<difficult>0</difficult>
		<bndbox>
			<xmin>375</xmin>
			<ymin>205</ymin>
			<xmax>412</xmax>
			<ymax>242</ymax>
		</bndbox>
	</object>
	<object>
		<name>enemy_slug</name>
		<pose>Unspecified</pose>
		<truncated>0</truncated>
		<difficult>0</difficult>
		<bndbox>
			<xmin>60</xmin>
			<ymin>231</ymin>
			<xmax>86</xmax>
			<ymax>255</ymax>
		</bndbox>
	</object>
	<object>
		<name>enemy_slug</name>
		<pose>Unspecified</pose>
		<truncated>1</truncated>
		<difficult>0</difficult>
		<bndbox>
			<xmin>1</xmin>
			<ymin>232</ymin>
			<xmax>27</xmax>
			<ymax>254</ymax>
		</bndbox>
	</object>
	<object>
		<name>enemy_slug</name>
		<pose>Unspecified</pose>
		<truncated>1</truncated>
		<difficult>0</difficult>
		<bndbox>
			<xmin>1</xmin>
			<ymin>296</ymin>
			<xmax>22</xmax>
			<ymax>320</ymax>
		</bndbox>
	</object>
	<object>
		<name>enemy_slug</name>
		<pose>Unspecified</pose>
		<truncated>0</truncated>
		<difficult>0</difficult>
		<bndbox>
			<xmin>94</xmin>
			<ymin>360</ymin>
			<xmax>118</xmax>
			<ymax>382</ymax>
		</bndbox>
	</object>
	<object>
		<name>health-3</name>
		<pose>Unspecified</pose>
		<truncated>1</truncated>
		<difficult>0</difficult>
		<bndbox>
			<xmin>1</xmin>
			<ymin>20</ymin>
			<xmax>76</xmax>
			<ymax>42</ymax>
		</bndbox>
	</object>
</annotation>