<annotation>
	<folder>Images</folder>
	<filename>screenshot_254.png</filename>
	<path>Data/all\screenshot_254.png</path>
	<source>
		<database>Unknown</database>
	</source>
	<size>
		<width>800</width>
		<height>450</height>
		<depth>3</depth>
	</size>
	<segmented>0</segmented>
	<object>
		<name>player_hit</name>
		<pose>Unspecified</pose>
		<truncated>0</truncated>
		<difficult>0</difficult>
		<bndbox>
			<xmin>390</xmin>
			<ymin>202</ymin>
			<xmax>415</xmax>
			<ymax>248</ymax>
		</bndbox>
	</object>
	<object>
		<name>enemy_slug</name>
		<pose>Unspecified</pose>
		<truncated>0</truncated>
		<difficult>0</difficult>
		<bndbox>
			<xmin>385</xmin>
			<ymin>302</ymin>
			<xmax>417</xmax>
			<ymax>325</ymax>
		</bndbox>
	</object>
	<object>
		<name>enemy_slug</name>
		<pose>Unspecified</pose>
		<truncated>0</truncated>
		<difficult>0</difficult>
		<bndbox>
			<xmin>364</xmin>
			<ymin>320</ymin>
			<xmax>395</xmax>
			<ymax>340</ymax>
		</bndbox>
	</object>
	<object>
		<name>aim</name>
		<pose>Unspecified</pose>
		<truncated>0</truncated>
		<difficult>0</difficult>
		<bndbox>
			<xmin>378</xmin>
			<ymin>314</ymin>
			<xmax>406</xmax>
			<ymax>340</ymax>
		</bndbox>
	</object>
	<object>
		<name>trap_on</name>
		<pose>Unspecified</pose>
		<truncated>0</truncated>
		<difficult>0</difficult>
		<bndbox>
			<xmin>353</xmin>
			<ymin>80</ymin>
			<xmax>417</xmax>
			<ymax>142</ymax>
		</bndbox>
	</object>
	<object>
		<name>trap_on</name>
		<pose>Unspecified</pose>
		<truncated>1</truncated>
		<difficult>0</difficult>
		<bndbox>
			<xmin>512</xmin>
			<ymin>432</ymin>
			<xmax>574</xmax>
			<ymax>450</ymax>
		</bndbox>
	</object>
	<object>
		<name>trap_off</name>
		<pose>Unspecified</pose>
		<truncated>0</truncated>
		<difficult>0</difficult>
		<bndbox>
			<xmin>703</xmin>
			<ymin>432</ymin>
			<xmax>767</xmax>
			<ymax>449</ymax>
		</bndbox>
	</object>
</annotation>