<annotation>
	<folder>Images</folder>
	<filename>screenshot_108.png</filename>
	<path>Data/all\screenshot_108.png</path>
	<source>
		<database>Unknown</database>
	</source>
	<size>
		<width>800</width>
		<height>450</height>
		<depth>3</depth>
	</size>
	<segmented>0</segmented>
	<object>
		<name>player</name>
		<pose>Unspecified</pose>
		<truncated>0</truncated>
		<difficult>0</difficult>
		<bndbox>
			<xmin>379</xmin>
			<ymin>204</ymin>
			<xmax>416</xmax>
			<ymax>245</ymax>
		</bndbox>
	</object>
	<object>
		<name>aim</name>
		<pose>Unspecified</pose>
		<truncated>0</truncated>
		<difficult>0</difficult>
		<bndbox>
			<xmin>205</xmin>
			<ymin>294</ymin>
			<xmax>233</xmax>
			<ymax>324</ymax>
		</bndbox>
	</object>
	<object>
		<name>bomb_counter_0</name>
		<pose>Unspecified</pose>
		<truncated>0</truncated>
		<difficult>0</difficult>
		<bndbox>
			<xmin>66</xmin>
			<ymin>415</ymin>
			<xmax>122</xmax>
			<ymax>445</ymax>
		</bndbox>
	</object>
	<object>
		<name>health</name>
		<pose>Unspecified</pose>
		<truncated>0</truncated>
		<difficult>0</difficult>
		<bndbox>
			<xmin>2</xmin>
			<ymin>19</ymin>
			<xmax>77</xmax>
			<ymax>45</ymax>
		</bndbox>
	</object>
	<object>
		<name>timer</name>
		<pose>Unspecified</pose>
		<truncated>1</truncated>
		<difficult>0</difficult>
		<bndbox>
			<xmin>339</xmin>
			<ymin>1</ymin>
			<xmax>463</xmax>
			<ymax>37</ymax>
		</bndbox>
	</object>
	<object>
		<name>gold_counter</name>
		<pose>Unspecified</pose>
		<truncated>1</truncated>
		<difficult>0</difficult>
		<bndbox>
			<xmin>685</xmin>
			<ymin>1</ymin>
			<xmax>800</xmax>
			<ymax>38</ymax>
		</bndbox>
	</object>
	<object>
		<name>trap_off</name>
		<pose>Unspecified</pose>
		<truncated>1</truncated>
		<difficult>0</difficult>
		<bndbox>
			<xmin>753</xmin>
			<ymin>138</ymin>
			<xmax>800</xmax>
			<ymax>202</ymax>
		</bndbox>
	</object>
</annotation>