<annotation>
	<folder>Images</folder>
	<filename>screenshot_356.png</filename>
	<path>Data/all\screenshot_356.png</path>
	<source>
		<database>Unknown</database>
	</source>
	<size>
		<width>800</width>
		<height>450</height>
		<depth>3</depth>
	</size>
	<segmented>0</segmented>
	<object>
		<name>treasury_close</name>
		<pose>Unspecified</pose>
		<truncated>0</truncated>
		<difficult>0</difficult>
		<bndbox>
			<xmin>296</xmin>
			<ymin>348</ymin>
			<xmax>329</xmax>
			<ymax>377</ymax>
		</bndbox>
	</object>
	<object>
		<name>aim</name>
		<pose>Unspecified</pose>
		<truncated>1</truncated>
		<difficult>0</difficult>
		<bndbox>
			<xmin>305</xmin>
			<ymin>436</ymin>
			<xmax>334</xmax>
			<ymax>450</ymax>
		</bndbox>
	</object>
	<object>
		<name>player</name>
		<pose>Unspecified</pose>
		<truncated>0</truncated>
		<difficult>0</difficult>
		<bndbox>
			<xmin>388</xmin>
			<ymin>205</ymin>
			<xmax>408</xmax>
			<ymax>246</ymax>
		</bndbox>
	</object>
	<object>
		<name>health-5</name>
		<pose>Unspecified</pose>
		<truncated>1</truncated>
		<difficult>0</difficult>
		<bndbox>
			<xmin>1</xmin>
			<ymin>17</ymin>
			<xmax>75</xmax>
			<ymax>42</ymax>
		</bndbox>
	</object>
</annotation>