<annotation>
	<folder>Images</folder>
	<filename>screenshot_257.png</filename>
	<path>Data/all\screenshot_257.png</path>
	<source>
		<database>Unknown</database>
	</source>
	<size>
		<width>800</width>
		<height>450</height>
		<depth>3</depth>
	</size>
	<segmented>0</segmented>
	<object>
		<name>aim</name>
		<pose>Unspecified</pose>
		<truncated>0</truncated>
		<difficult>0</difficult>
		<bndbox>
			<xmin>397</xmin>
			<ymin>358</ymin>
			<xmax>426</xmax>
			<ymax>388</ymax>
		</bndbox>
	</object>
	<object>
		<name>trap_off</name>
		<pose>Unspecified</pose>
		<truncated>0</truncated>
		<difficult>0</difficult>
		<bndbox>
			<xmin>384</xmin>
			<ymin>346</ymin>
			<xmax>447</xmax>
			<ymax>407</ymax>
		</bndbox>
	</object>
	<object>
		<name>trap_off</name>
		<pose>Unspecified</pose>
		<truncated>0</truncated>
		<difficult>0</difficult>
		<bndbox>
			<xmin>544</xmin>
			<ymin>250</ymin>
			<xmax>606</xmax>
			<ymax>312</ymax>
		</bndbox>
	</object>
	<object>
		<name>trap_on</name>
		<pose>Unspecified</pose>
		<truncated>0</truncated>
		<difficult>0</difficult>
		<bndbox>
			<xmin>736</xmin>
			<ymin>249</ymin>
			<xmax>799</xmax>
			<ymax>310</ymax>
		</bndbox>
	</object>
	<object>
		<name>gold</name>
		<pose>Unspecified</pose>
		<truncated>0</truncated>
		<difficult>0</difficult>
		<bndbox>
			<xmin>610</xmin>
			<ymin>280</ymin>
			<xmax>637</xmax>
			<ymax>299</ymax>
		</bndbox>
	</object>
	<object>
		<name>gold</name>
		<pose>Unspecified</pose>
		<truncated>0</truncated>
		<difficult>0</difficult>
		<bndbox>
			<xmin>580</xmin>
			<ymin>308</ymin>
			<xmax>598</xmax>
			<ymax>329</ymax>
		</bndbox>
	</object>
	<object>
		<name>gold</name>
		<pose>Unspecified</pose>
		<truncated>0</truncated>
		<difficult>0</difficult>
		<bndbox>
			<xmin>613</xmin>
			<ymin>310</ymin>
			<xmax>635</xmax>
			<ymax>335</ymax>
		</bndbox>
	</object>
	<object>
		<name>gold</name>
		<pose>Unspecified</pose>
		<truncated>0</truncated>
		<difficult>0</difficult>
		<bndbox>
			<xmin>709</xmin>
			<ymin>405</ymin>
			<xmax>733</xmax>
			<ymax>428</ymax>
		</bndbox>
	</object>
	<object>
		<name>gold</name>
		<pose>Unspecified</pose>
		<truncated>0</truncated>
		<difficult>0</difficult>
		<bndbox>
			<xmin>740</xmin>
			<ymin>405</ymin>
			<xmax>764</xmax>
			<ymax>431</ymax>
		</bndbox>
	</object>
	<object>
		<name>player</name>
		<pose>Unspecified</pose>
		<truncated>0</truncated>
		<difficult>0</difficult>
		<bndbox>
			<xmin>390</xmin>
			<ymin>202</ymin>
			<xmax>416</xmax>
			<ymax>242</ymax>
		</bndbox>
	</object>
	<object>
		<name>health-1</name>
		<pose>Unspecified</pose>
		<truncated>1</truncated>
		<difficult>0</difficult>
		<bndbox>
			<xmin>1</xmin>
			<ymin>18</ymin>
			<xmax>76</xmax>
			<ymax>42</ymax>
		</bndbox>
	</object>
	<object>
		<name>timer</name>
		<pose>Unspecified</pose>
		<truncated>1</truncated>
		<difficult>0</difficult>
		<bndbox>
			<xmin>344</xmin>
			<ymin>1</ymin>
			<xmax>463</xmax>
			<ymax>35</ymax>
		</bndbox>
	</object>
</annotation>