<annotation>
	<folder>Images</folder>
	<filename>screenshot_166.png</filename>
	<path>Data/all\screenshot_166.png</path>
	<source>
		<database>Unknown</database>
	</source>
	<size>
		<width>800</width>
		<height>450</height>
		<depth>3</depth>
	</size>
	<segmented>0</segmented>
	<object>
		<name>next_screen_stop</name>
		<pose>Unspecified</pose>
		<truncated>0</truncated>
		<difficult>0</difficult>
		<bndbox>
			<xmin>8</xmin>
			<ymin>9</ymin>
			<xmax>789</xmax>
			<ymax>438</ymax>
		</bndbox>
	</object>
</annotation>