<annotation>
	<folder>Images</folder>
	<filename>screenshot_390.png</filename>
	<path>Data/all\screenshot_390.png</path>
	<source>
		<database>Unknown</database>
	</source>
	<size>
		<width>800</width>
		<height>450</height>
		<depth>3</depth>
	</size>
	<segmented>0</segmented>
	<object>
		<name>enemy_slug</name>
		<pose>Unspecified</pose>
		<truncated>0</truncated>
		<difficult>0</difficult>
		<bndbox>
			<xmin>90</xmin>
			<ymin>122</ymin>
			<xmax>114</xmax>
			<ymax>150</ymax>
		</bndbox>
	</object>
	<object>
		<name>enemy_slug</name>
		<pose>Unspecified</pose>
		<truncated>0</truncated>
		<difficult>0</difficult>
		<bndbox>
			<xmin>153</xmin>
			<ymin>28</ymin>
			<xmax>179</xmax>
			<ymax>52</ymax>
		</bndbox>
	</object>
	<object>
		<name>enemy_slug</name>
		<pose>Unspecified</pose>
		<truncated>0</truncated>
		<difficult>0</difficult>
		<bndbox>
			<xmin>278</xmin>
			<ymin>29</ymin>
			<xmax>308</xmax>
			<ymax>54</ymax>
		</bndbox>
	</object>
	<object>
		<name>enemy_slug</name>
		<pose>Unspecified</pose>
		<truncated>0</truncated>
		<difficult>0</difficult>
		<bndbox>
			<xmin>278</xmin>
			<ymin>60</ymin>
			<xmax>313</xmax>
			<ymax>88</ymax>
		</bndbox>
	</object>
	<object>
		<name>enemy_slug_big</name>
		<pose>Unspecified</pose>
		<truncated>0</truncated>
		<difficult>0</difficult>
		<bndbox>
			<xmin>437</xmin>
			<ymin>202</ymin>
			<xmax>476</xmax>
			<ymax>235</ymax>
		</bndbox>
	</object>
	<object>
		<name>enemy_skeleton</name>
		<pose>Unspecified</pose>
		<truncated>0</truncated>
		<difficult>0</difficult>
		<bndbox>
			<xmin>447</xmin>
			<ymin>274</ymin>
			<xmax>483</xmax>
			<ymax>319</ymax>
		</bndbox>
	</object>
	<object>
		<name>enemy_skeleton</name>
		<pose>Unspecified</pose>
		<truncated>0</truncated>
		<difficult>0</difficult>
		<bndbox>
			<xmin>306</xmin>
			<ymin>265</ymin>
			<xmax>343</xmax>
			<ymax>307</ymax>
		</bndbox>
	</object>
	<object>
		<name>enemy_skeleton</name>
		<pose>Unspecified</pose>
		<truncated>0</truncated>
		<difficult>0</difficult>
		<bndbox>
			<xmin>284</xmin>
			<ymin>162</ymin>
			<xmax>323</xmax>
			<ymax>206</ymax>
		</bndbox>
	</object>
	<object>
		<name>enemy_skeleton</name>
		<pose>Unspecified</pose>
		<truncated>0</truncated>
		<difficult>0</difficult>
		<bndbox>
			<xmin>312</xmin>
			<ymin>131</ymin>
			<xmax>347</xmax>
			<ymax>175</ymax>
		</bndbox>
	</object>
	<object>
		<name>trap_off</name>
		<pose>Unspecified</pose>
		<truncated>0</truncated>
		<difficult>0</difficult>
		<bndbox>
			<xmin>279</xmin>
			<ymin>215</ymin>
			<xmax>340</xmax>
			<ymax>278</ymax>
		</bndbox>
	</object>
	<object>
		<name>trap_off</name>
		<pose>Unspecified</pose>
		<truncated>0</truncated>
		<difficult>0</difficult>
		<bndbox>
			<xmin>406</xmin>
			<ymin>216</ymin>
			<xmax>469</xmax>
			<ymax>279</ymax>
		</bndbox>
	</object>
	<object>
		<name>enemy_skeleton_shoot</name>
		<pose>Unspecified</pose>
		<truncated>0</truncated>
		<difficult>0</difficult>
		<bndbox>
			<xmin>378</xmin>
			<ymin>226</ymin>
			<xmax>393</xmax>
			<ymax>241</ymax>
		</bndbox>
	</object>
	<object>
		<name>trap_door</name>
		<pose>Unspecified</pose>
		<truncated>0</truncated>
		<difficult>0</difficult>
		<bndbox>
			<xmin>340</xmin>
			<ymin>310</ymin>
			<xmax>409</xmax>
			<ymax>375</ymax>
		</bndbox>
	</object>
	<object>
		<name>key</name>
		<pose>Unspecified</pose>
		<truncated>0</truncated>
		<difficult>0</difficult>
		<bndbox>
			<xmin>770</xmin>
			<ymin>427</ymin>
			<xmax>796</xmax>
			<ymax>445</ymax>
		</bndbox>
	</object>
	<object>
		<name>trap_off</name>
		<pose>Unspecified</pose>
		<truncated>0</truncated>
		<difficult>0</difficult>
		<bndbox>
			<xmin>407</xmin>
			<ymin>25</ymin>
			<xmax>468</xmax>
			<ymax>60</ymax>
		</bndbox>
	</object>
	<object>
		<name>health-6</name>
		<pose>Unspecified</pose>
		<truncated>1</truncated>
		<difficult>0</difficult>
		<bndbox>
			<xmin>1</xmin>
			<ymin>18</ymin>
			<xmax>75</xmax>
			<ymax>44</ymax>
		</bndbox>
	</object>
</annotation>