<annotation>
	<folder>Images</folder>
	<filename>screenshot_285.png</filename>
	<path>Data/all\screenshot_285.png</path>
	<source>
		<database>Unknown</database>
	</source>
	<size>
		<width>800</width>
		<height>450</height>
		<depth>3</depth>
	</size>
	<segmented>0</segmented>
	<object>
		<name>trap_on</name>
		<pose>Unspecified</pose>
		<truncated>0</truncated>
		<difficult>0</difficult>
		<bndbox>
			<xmin>255</xmin>
			<ymin>348</ymin>
			<xmax>318</xmax>
			<ymax>409</ymax>
		</bndbox>
	</object>
	<object>
		<name>trap_on</name>
		<pose>Unspecified</pose>
		<truncated>0</truncated>
		<difficult>0</difficult>
		<bndbox>
			<xmin>415</xmin>
			<ymin>252</ymin>
			<xmax>478</xmax>
			<ymax>314</ymax>
		</bndbox>
	</object>
	<object>
		<name>trap_off</name>
		<pose>Unspecified</pose>
		<truncated>0</truncated>
		<difficult>0</difficult>
		<bndbox>
			<xmin>608</xmin>
			<ymin>252</ymin>
			<xmax>670</xmax>
			<ymax>315</ymax>
		</bndbox>
	</object>
	<object>
		<name>treasury_monster</name>
		<pose>Unspecified</pose>
		<truncated>0</truncated>
		<difficult>0</difficult>
		<bndbox>
			<xmin>478</xmin>
			<ymin>281</ymin>
			<xmax>508</xmax>
			<ymax>312</ymax>
		</bndbox>
	</object>
	<object>
		<name>aim</name>
		<pose>Unspecified</pose>
		<truncated>0</truncated>
		<difficult>0</difficult>
		<bndbox>
			<xmin>419</xmin>
			<ymin>360</ymin>
			<xmax>449</xmax>
			<ymax>390</ymax>
		</bndbox>
	</object>
	<object>
		<name>player</name>
		<pose>Unspecified</pose>
		<truncated>0</truncated>
		<difficult>0</difficult>
		<bndbox>
			<xmin>387</xmin>
			<ymin>201</ymin>
			<xmax>412</xmax>
			<ymax>247</ymax>
		</bndbox>
	</object>
	<object>
		<name>health-2</name>
		<pose>Unspecified</pose>
		<truncated>1</truncated>
		<difficult>0</difficult>
		<bndbox>
			<xmin>1</xmin>
			<ymin>19</ymin>
			<xmax>75</xmax>
			<ymax>44</ymax>
		</bndbox>
	</object>
	<object>
		<name>gold_counter</name>
		<pose>Unspecified</pose>
		<truncated>1</truncated>
		<difficult>0</difficult>
		<bndbox>
			<xmin>686</xmin>
			<ymin>1</ymin>
			<xmax>800</xmax>
			<ymax>39</ymax>
		</bndbox>
	</object>
</annotation>