<annotation>
	<folder>Images</folder>
	<filename>screenshot_330.png</filename>
	<path>Data/all\screenshot_330.png</path>
	<source>
		<database>Unknown</database>
	</source>
	<size>
		<width>800</width>
		<height>450</height>
		<depth>3</depth>
	</size>
	<segmented>0</segmented>
	<object>
		<name>enemy_slug</name>
		<pose>Unspecified</pose>
		<truncated>0</truncated>
		<difficult>0</difficult>
		<bndbox>
			<xmin>178</xmin>
			<ymin>230</ymin>
			<xmax>208</xmax>
			<ymax>255</ymax>
		</bndbox>
	</object>
	<object>
		<name>enemy_slug</name>
		<pose>Unspecified</pose>
		<truncated>0</truncated>
		<difficult>0</difficult>
		<bndbox>
			<xmin>25</xmin>
			<ymin>229</ymin>
			<xmax>53</xmax>
			<ymax>255</ymax>
		</bndbox>
	</object>
	<object>
		<name>enemy_slug</name>
		<pose>Unspecified</pose>
		<truncated>0</truncated>
		<difficult>0</difficult>
		<bndbox>
			<xmin>55</xmin>
			<ymin>356</ymin>
			<xmax>84</xmax>
			<ymax>384</ymax>
		</bndbox>
	</object>
	<object>
		<name>aim</name>
		<pose>Unspecified</pose>
		<truncated>0</truncated>
		<difficult>0</difficult>
		<bndbox>
			<xmin>107</xmin>
			<ymin>236</ymin>
			<xmax>135</xmax>
			<ymax>265</ymax>
		</bndbox>
	</object>
	<object>
		<name>shoot</name>
		<pose>Unspecified</pose>
		<truncated>0</truncated>
		<difficult>0</difficult>
		<bndbox>
			<xmin>304</xmin>
			<ymin>221</ymin>
			<xmax>340</xmax>
			<ymax>236</ymax>
		</bndbox>
	</object>
	<object>
		<name>player</name>
		<pose>Unspecified</pose>
		<truncated>0</truncated>
		<difficult>0</difficult>
		<bndbox>
			<xmin>380</xmin>
			<ymin>205</ymin>
			<xmax>417</xmax>
			<ymax>242</ymax>
		</bndbox>
	</object>
	<object>
		<name>health-3</name>
		<pose>Unspecified</pose>
		<truncated>1</truncated>
		<difficult>0</difficult>
		<bndbox>
			<xmin>1</xmin>
			<ymin>18</ymin>
			<xmax>75</xmax>
			<ymax>42</ymax>
		</bndbox>
	</object>
	<object>
		<name>gold_counter</name>
		<pose>Unspecified</pose>
		<truncated>1</truncated>
		<difficult>0</difficult>
		<bndbox>
			<xmin>685</xmin>
			<ymin>1</ymin>
			<xmax>800</xmax>
			<ymax>39</ymax>
		</bndbox>
	</object>
</annotation>