<annotation>
	<folder>Images</folder>
	<filename>screenshot_348.png</filename>
	<path>Data/all\screenshot_348.png</path>
	<source>
		<database>Unknown</database>
	</source>
	<size>
		<width>800</width>
		<height>450</height>
		<depth>3</depth>
	</size>
	<segmented>0</segmented>
	<object>
		<name>health-5</name>
		<pose>Unspecified</pose>
		<truncated>1</truncated>
		<difficult>0</difficult>
		<bndbox>
			<xmin>1</xmin>
			<ymin>18</ymin>
			<xmax>77</xmax>
			<ymax>41</ymax>
		</bndbox>
	</object>
	<object>
		<name>trap_warning</name>
		<pose>Unspecified</pose>
		<truncated>0</truncated>
		<difficult>0</difficult>
		<bndbox>
			<xmin>13</xmin>
			<ymin>67</ymin>
			<xmax>74</xmax>
			<ymax>128</ymax>
		</bndbox>
	</object>
	<object>
		<name>trap_warning</name>
		<pose>Unspecified</pose>
		<truncated>0</truncated>
		<difficult>0</difficult>
		<bndbox>
			<xmin>588</xmin>
			<ymin>324</ymin>
			<xmax>648</xmax>
			<ymax>384</ymax>
		</bndbox>
	</object>
	<object>
		<name>trap_off</name>
		<pose>Unspecified</pose>
		<truncated>0</truncated>
		<difficult>0</difficult>
		<bndbox>
			<xmin>458</xmin>
			<ymin>324</ymin>
			<xmax>524</xmax>
			<ymax>385</ymax>
		</bndbox>
	</object>
	<object>
		<name>player</name>
		<pose>Unspecified</pose>
		<truncated>0</truncated>
		<difficult>0</difficult>
		<bndbox>
			<xmin>392</xmin>
			<ymin>200</ymin>
			<xmax>416</xmax>
			<ymax>245</ymax>
		</bndbox>
	</object>
	<object>
		<name>aim</name>
		<pose>Unspecified</pose>
		<truncated>0</truncated>
		<difficult>0</difficult>
		<bndbox>
			<xmin>489</xmin>
			<ymin>107</ymin>
			<xmax>515</xmax>
			<ymax>134</ymax>
		</bndbox>
	</object>
	<object>
		<name>enemy_slug_big</name>
		<pose>Unspecified</pose>
		<truncated>0</truncated>
		<difficult>0</difficult>
		<bndbox>
			<xmin>485</xmin>
			<ymin>96</ymin>
			<xmax>519</xmax>
			<ymax>131</ymax>
		</bndbox>
	</object>
	<object>
		<name>enemy_skeleton</name>
		<pose>Unspecified</pose>
		<truncated>1</truncated>
		<difficult>0</difficult>
		<bndbox>
			<xmin>522</xmin>
			<ymin>1</ymin>
			<xmax>547</xmax>
			<ymax>29</ymax>
		</bndbox>
	</object>
	<object>
		<name>enemy_skeleton</name>
		<pose>Unspecified</pose>
		<truncated>0</truncated>
		<difficult>0</difficult>
		<bndbox>
			<xmin>487</xmin>
			<ymin>48</ymin>
			<xmax>516</xmax>
			<ymax>91</ymax>
		</bndbox>
	</object>
	<object>
		<name>trap_door</name>
		<pose>Unspecified</pose>
		<truncated>0</truncated>
		<difficult>0</difficult>
		<bndbox>
			<xmin>369</xmin>
			<ymin>31</ymin>
			<xmax>390</xmax>
			<ymax>106</ymax>
		</bndbox>
	</object>
</annotation>