<annotation>
	<folder>Images</folder>
	<filename>screenshot_408.png</filename>
	<path>Data/all\screenshot_408.png</path>
	<source>
		<database>Unknown</database>
	</source>
	<size>
		<width>800</width>
		<height>450</height>
		<depth>3</depth>
	</size>
	<segmented>0</segmented>
	<object>
		<name>next_screen</name>
		<pose>Unspecified</pose>
		<truncated>1</truncated>
		<difficult>0</difficult>
		<bndbox>
			<xmin>1</xmin>
			<ymin>1</ymin>
			<xmax>800</xmax>
			<ymax>450</ymax>
		</bndbox>
	</object>
</annotation>