<annotation>
	<folder>Images</folder>
	<filename>screenshot_127.png</filename>
	<path>Data/all\screenshot_127.png</path>
	<source>
		<database>Unknown</database>
	</source>
	<size>
		<width>800</width>
		<height>450</height>
		<depth>3</depth>
	</size>
	<segmented>0</segmented>
	<object>
		<name>treasury_open</name>
		<pose>Unspecified</pose>
		<truncated>1</truncated>
		<difficult>0</difficult>
		<bndbox>
			<xmin>485</xmin>
			<ymin>417</ymin>
			<xmax>520</xmax>
			<ymax>450</ymax>
		</bndbox>
	</object>
	<object>
		<name>trap_off</name>
		<pose>Unspecified</pose>
		<truncated>0</truncated>
		<difficult>0</difficult>
		<bndbox>
			<xmin>533</xmin>
			<ymin>346</ymin>
			<xmax>601</xmax>
			<ymax>411</ymax>
		</bndbox>
	</object>
	<object>
		<name>trap_off</name>
		<pose>Unspecified</pose>
		<truncated>0</truncated>
		<difficult>0</difficult>
		<bndbox>
			<xmin>470</xmin>
			<ymin>25</ymin>
			<xmax>536</xmax>
			<ymax>89</ymax>
		</bndbox>
	</object>
	<object>
		<name>trap_off</name>
		<pose>Unspecified</pose>
		<truncated>0</truncated>
		<difficult>0</difficult>
		<bndbox>
			<xmin>598</xmin>
			<ymin>25</ymin>
			<xmax>663</xmax>
			<ymax>89</ymax>
		</bndbox>
	</object>
	<object>
		<name>health-2</name>
		<pose>Unspecified</pose>
		<truncated>1</truncated>
		<difficult>0</difficult>
		<bndbox>
			<xmin>1</xmin>
			<ymin>18</ymin>
			<xmax>76</xmax>
			<ymax>44</ymax>
		</bndbox>
	</object>
	<object>
		<name>timer</name>
		<pose>Unspecified</pose>
		<truncated>1</truncated>
		<difficult>0</difficult>
		<bndbox>
			<xmin>341</xmin>
			<ymin>1</ymin>
			<xmax>463</xmax>
			<ymax>37</ymax>
		</bndbox>
	</object>
	<object>
		<name>gold_counter</name>
		<pose>Unspecified</pose>
		<truncated>1</truncated>
		<difficult>0</difficult>
		<bndbox>
			<xmin>686</xmin>
			<ymin>1</ymin>
			<xmax>800</xmax>
			<ymax>40</ymax>
		</bndbox>
	</object>
	<object>
		<name>player</name>
		<pose>Unspecified</pose>
		<truncated>0</truncated>
		<difficult>0</difficult>
		<bndbox>
			<xmin>378</xmin>
			<ymin>202</ymin>
			<xmax>413</xmax>
			<ymax>240</ymax>
		</bndbox>
	</object>
	<object>
		<name>aim</name>
		<pose>Unspecified</pose>
		<truncated>0</truncated>
		<difficult>0</difficult>
		<bndbox>
			<xmin>355</xmin>
			<ymin>222</ymin>
			<xmax>382</xmax>
			<ymax>248</ymax>
		</bndbox>
	</object>
	<object>
		<name>bomb_counter_0</name>
		<pose>Unspecified</pose>
		<truncated>1</truncated>
		<difficult>0</difficult>
		<bndbox>
			<xmin>66</xmin>
			<ymin>415</ymin>
			<xmax>123</xmax>
			<ymax>450</ymax>
		</bndbox>
	</object>
</annotation>