<annotation>
	<folder>Images</folder>
	<filename>screenshot_130.png</filename>
	<path>Data/all\screenshot_130.png</path>
	<source>
		<database>Unknown</database>
	</source>
	<size>
		<width>800</width>
		<height>450</height>
		<depth>3</depth>
	</size>
	<segmented>0</segmented>
	<object>
		<name>enemy_skeleton</name>
		<pose>Unspecified</pose>
		<truncated>0</truncated>
		<difficult>0</difficult>
		<bndbox>
			<xmin>433</xmin>
			<ymin>94</ymin>
			<xmax>462</xmax>
			<ymax>138</ymax>
		</bndbox>
	</object>
	<object>
		<name>enemy_slug_big</name>
		<pose>Unspecified</pose>
		<truncated>0</truncated>
		<difficult>0</difficult>
		<bndbox>
			<xmin>485</xmin>
			<ymin>92</ymin>
			<xmax>522</xmax>
			<ymax>117</ymax>
		</bndbox>
	</object>
	<object>
		<name>enemy_slug_big</name>
		<pose>Unspecified</pose>
		<truncated>0</truncated>
		<difficult>0</difficult>
		<bndbox>
			<xmin>409</xmin>
			<ymin>202</ymin>
			<xmax>439</xmax>
			<ymax>232</ymax>
		</bndbox>
	</object>
	<object>
		<name>aim</name>
		<pose>Unspecified</pose>
		<truncated>0</truncated>
		<difficult>0</difficult>
		<bndbox>
			<xmin>455</xmin>
			<ymin>214</ymin>
			<xmax>481</xmax>
			<ymax>245</ymax>
		</bndbox>
	</object>
	<object>
		<name>enemy_skeleton_shoot</name>
		<pose>Unspecified</pose>
		<truncated>0</truncated>
		<difficult>0</difficult>
		<bndbox>
			<xmin>398</xmin>
			<ymin>191</ymin>
			<xmax>415</xmax>
			<ymax>205</ymax>
		</bndbox>
	</object>
	<object>
		<name>player</name>
		<pose>Unspecified</pose>
		<truncated>0</truncated>
		<difficult>0</difficult>
		<bndbox>
			<xmin>385</xmin>
			<ymin>204</ymin>
			<xmax>421</xmax>
			<ymax>240</ymax>
		</bndbox>
	</object>
	<object>
		<name>trap_on</name>
		<pose>Unspecified</pose>
		<truncated>0</truncated>
		<difficult>0</difficult>
		<bndbox>
			<xmin>424</xmin>
			<ymin>133</ymin>
			<xmax>488</xmax>
			<ymax>197</ymax>
		</bndbox>
	</object>
	<object>
		<name>bomb_counter_0</name>
		<pose>Unspecified</pose>
		<truncated>1</truncated>
		<difficult>0</difficult>
		<bndbox>
			<xmin>68</xmin>
			<ymin>417</ymin>
			<xmax>122</xmax>
			<ymax>450</ymax>
		</bndbox>
	</object>
	<object>
		<name>health-4</name>
		<pose>Unspecified</pose>
		<truncated>1</truncated>
		<difficult>0</difficult>
		<bndbox>
			<xmin>1</xmin>
			<ymin>19</ymin>
			<xmax>75</xmax>
			<ymax>41</ymax>
		</bndbox>
	</object>
	<object>
		<name>timer</name>
		<pose>Unspecified</pose>
		<truncated>1</truncated>
		<difficult>0</difficult>
		<bndbox>
			<xmin>341</xmin>
			<ymin>1</ymin>
			<xmax>462</xmax>
			<ymax>37</ymax>
		</bndbox>
	</object>
	<object>
		<name>gold_counter</name>
		<pose>Unspecified</pose>
		<truncated>1</truncated>
		<difficult>0</difficult>
		<bndbox>
			<xmin>686</xmin>
			<ymin>1</ymin>
			<xmax>799</xmax>
			<ymax>41</ymax>
		</bndbox>
	</object>
	<object>
		<name>trap_off</name>
		<pose>Unspecified</pose>
		<truncated>0</truncated>
		<difficult>0</difficult>
		<bndbox>
			<xmin>555</xmin>
			<ymin>133</ymin>
			<xmax>616</xmax>
			<ymax>197</ymax>
		</bndbox>
	</object>
</annotation>