<annotation>
	<folder>Images</folder>
	<filename>screenshot_361.png</filename>
	<path>Data/all\screenshot_361.png</path>
	<source>
		<database>Unknown</database>
	</source>
	<size>
		<width>800</width>
		<height>450</height>
		<depth>3</depth>
	</size>
	<segmented>0</segmented>
	<object>
		<name>treasury_open</name>
		<pose>Unspecified</pose>
		<truncated>0</truncated>
		<difficult>0</difficult>
		<bndbox>
			<xmin>452</xmin>
			<ymin>207</ymin>
			<xmax>484</xmax>
			<ymax>238</ymax>
		</bndbox>
	</object>
	<object>
		<name>key</name>
		<pose>Unspecified</pose>
		<truncated>0</truncated>
		<difficult>0</difficult>
		<bndbox>
			<xmin>455</xmin>
			<ymin>240</ymin>
			<xmax>479</xmax>
			<ymax>257</ymax>
		</bndbox>
	</object>
	<object>
		<name>aim</name>
		<pose>Unspecified</pose>
		<truncated>0</truncated>
		<difficult>0</difficult>
		<bndbox>
			<xmin>460</xmin>
			<ymin>292</ymin>
			<xmax>488</xmax>
			<ymax>320</ymax>
		</bndbox>
	</object>
	<object>
		<name>player</name>
		<pose>Unspecified</pose>
		<truncated>0</truncated>
		<difficult>0</difficult>
		<bndbox>
			<xmin>387</xmin>
			<ymin>204</ymin>
			<xmax>418</xmax>
			<ymax>242</ymax>
		</bndbox>
	</object>
	<object>
		<name>trap_off</name>
		<pose>Unspecified</pose>
		<truncated>1</truncated>
		<difficult>0</difficult>
		<bndbox>
			<xmin>1</xmin>
			<ymin>196</ymin>
			<xmax>50</xmax>
			<ymax>251</ymax>
		</bndbox>
	</object>
	<object>
		<name>health-5</name>
		<pose>Unspecified</pose>
		<truncated>1</truncated>
		<difficult>0</difficult>
		<bndbox>
			<xmin>1</xmin>
			<ymin>18</ymin>
			<xmax>74</xmax>
			<ymax>41</ymax>
		</bndbox>
	</object>
</annotation>