<annotation>
	<folder>Images</folder>
	<filename>screenshot_227.png</filename>
	<path>Data/all\screenshot_227.png</path>
	<source>
		<database>Unknown</database>
	</source>
	<size>
		<width>800</width>
		<height>450</height>
		<depth>3</depth>
	</size>
	<segmented>0</segmented>
	<object>
		<name>start_screen_new_run</name>
		<pose>Unspecified</pose>
		<truncated>0</truncated>
		<difficult>0</difficult>
		<bndbox>
			<xmin>314</xmin>
			<ymin>171</ymin>
			<xmax>487</xmax>
			<ymax>202</ymax>
		</bndbox>
	</object>
</annotation>