<annotation>
	<folder>Images</folder>
	<filename>screenshot_137.png</filename>
	<path>Data/all\screenshot_137.png</path>
	<source>
		<database>Unknown</database>
	</source>
	<size>
		<width>800</width>
		<height>450</height>
		<depth>3</depth>
	</size>
	<segmented>0</segmented>
	<object>
		<name>trap_on</name>
		<pose>Unspecified</pose>
		<truncated>0</truncated>
		<difficult>0</difficult>
		<bndbox>
			<xmin>548</xmin>
			<ymin>195</ymin>
			<xmax>612</xmax>
			<ymax>259</ymax>
		</bndbox>
	</object>
	<object>
		<name>treasury_open</name>
		<pose>Unspecified</pose>
		<truncated>0</truncated>
		<difficult>0</difficult>
		<bndbox>
			<xmin>628</xmin>
			<ymin>206</ymin>
			<xmax>662</xmax>
			<ymax>240</ymax>
		</bndbox>
	</object>
	<object>
		<name>trap_off</name>
		<pose>Unspecified</pose>
		<truncated>0</truncated>
		<difficult>0</difficult>
		<bndbox>
			<xmin>676</xmin>
			<ymin>197</ymin>
			<xmax>739</xmax>
			<ymax>258</ymax>
		</bndbox>
	</object>
	<object>
		<name>aim</name>
		<pose>Unspecified</pose>
		<truncated>0</truncated>
		<difficult>0</difficult>
		<bndbox>
			<xmin>403</xmin>
			<ymin>248</ymin>
			<xmax>429</xmax>
			<ymax>277</ymax>
		</bndbox>
	</object>
	<object>
		<name>player</name>
		<pose>Unspecified</pose>
		<truncated>0</truncated>
		<difficult>0</difficult>
		<bndbox>
			<xmin>388</xmin>
			<ymin>200</ymin>
			<xmax>415</xmax>
			<ymax>244</ymax>
		</bndbox>
	</object>
	<object>
		<name>key</name>
		<pose>Unspecified</pose>
		<truncated>0</truncated>
		<difficult>0</difficult>
		<bndbox>
			<xmin>771</xmin>
			<ymin>426</ymin>
			<xmax>797</xmax>
			<ymax>445</ymax>
		</bndbox>
	</object>
	<object>
		<name>bomb_counter_0</name>
		<pose>Unspecified</pose>
		<truncated>0</truncated>
		<difficult>0</difficult>
		<bndbox>
			<xmin>66</xmin>
			<ymin>417</ymin>
			<xmax>124</xmax>
			<ymax>449</ymax>
		</bndbox>
	</object>
	<object>
		<name>health-5</name>
		<pose>Unspecified</pose>
		<truncated>1</truncated>
		<difficult>0</difficult>
		<bndbox>
			<xmin>1</xmin>
			<ymin>17</ymin>
			<xmax>77</xmax>
			<ymax>42</ymax>
		</bndbox>
	</object>
	<object>
		<name>timer</name>
		<pose>Unspecified</pose>
		<truncated>1</truncated>
		<difficult>0</difficult>
		<bndbox>
			<xmin>339</xmin>
			<ymin>1</ymin>
			<xmax>461</xmax>
			<ymax>37</ymax>
		</bndbox>
	</object>
	<object>
		<name>gold_counter</name>
		<pose>Unspecified</pose>
		<truncated>1</truncated>
		<difficult>0</difficult>
		<bndbox>
			<xmin>686</xmin>
			<ymin>1</ymin>
			<xmax>799</xmax>
			<ymax>38</ymax>
		</bndbox>
	</object>
</annotation>