<annotation>
	<folder>Images</folder>
	<filename>screenshot_350.png</filename>
	<path>Data/all\screenshot_350.png</path>
	<source>
		<database>Unknown</database>
	</source>
	<size>
		<width>800</width>
		<height>450</height>
		<depth>3</depth>
	</size>
	<segmented>0</segmented>
	<object>
		<name>shoot</name>
		<pose>Unspecified</pose>
		<truncated>0</truncated>
		<difficult>0</difficult>
		<bndbox>
			<xmin>389</xmin>
			<ymin>185</ymin>
			<xmax>409</xmax>
			<ymax>207</ymax>
		</bndbox>
	</object>
	<object>
		<name>player</name>
		<pose>Unspecified</pose>
		<truncated>0</truncated>
		<difficult>0</difficult>
		<bndbox>
			<xmin>392</xmin>
			<ymin>201</ymin>
			<xmax>415</xmax>
			<ymax>240</ymax>
		</bndbox>
	</object>
	<object>
		<name>enemy_skeleton</name>
		<pose>Unspecified</pose>
		<truncated>0</truncated>
		<difficult>0</difficult>
		<bndbox>
			<xmin>369</xmin>
			<ymin>76</ymin>
			<xmax>409</xmax>
			<ymax>112</ymax>
		</bndbox>
	</object>
	<object>
		<name>enemy_skeleton</name>
		<pose>Unspecified</pose>
		<truncated>0</truncated>
		<difficult>0</difficult>
		<bndbox>
			<xmin>397</xmin>
			<ymin>55</ymin>
			<xmax>423</xmax>
			<ymax>101</ymax>
		</bndbox>
	</object>
	<object>
		<name>aim</name>
		<pose>Unspecified</pose>
		<truncated>0</truncated>
		<difficult>0</difficult>
		<bndbox>
			<xmin>353</xmin>
			<ymin>72</ymin>
			<xmax>379</xmax>
			<ymax>100</ymax>
		</bndbox>
	</object>
	<object>
		<name>trap_on</name>
		<pose>Unspecified</pose>
		<truncated>0</truncated>
		<difficult>0</difficult>
		<bndbox>
			<xmin>335</xmin>
			<ymin>306</ymin>
			<xmax>399</xmax>
			<ymax>367</ymax>
		</bndbox>
	</object>
	<object>
		<name>trap_off</name>
		<pose>Unspecified</pose>
		<truncated>0</truncated>
		<difficult>0</difficult>
		<bndbox>
			<xmin>466</xmin>
			<ymin>307</ymin>
			<xmax>527</xmax>
			<ymax>367</ymax>
		</bndbox>
	</object>
	<object>
		<name>health-5</name>
		<pose>Unspecified</pose>
		<truncated>1</truncated>
		<difficult>0</difficult>
		<bndbox>
			<xmin>1</xmin>
			<ymin>20</ymin>
			<xmax>76</xmax>
			<ymax>42</ymax>
		</bndbox>
	</object>
</annotation>