<annotation>
	<folder>Images</folder>
	<filename>screenshot_226.png</filename>
	<path>Data/all\screenshot_226.png</path>
	<source>
		<database>Unknown</database>
	</source>
	<size>
		<width>800</width>
		<height>450</height>
		<depth>3</depth>
	</size>
	<segmented>0</segmented>
	<object>
		<name>start_screen</name>
		<pose>Unspecified</pose>
		<truncated>1</truncated>
		<difficult>0</difficult>
		<bndbox>
			<xmin>1</xmin>
			<ymin>1</ymin>
			<xmax>800</xmax>
			<ymax>450</ymax>
		</bndbox>
	</object>
	<object>
		<name>start_screen_play</name>
		<pose>Unspecified</pose>
		<truncated>0</truncated>
		<difficult>0</difficult>
		<bndbox>
			<xmin>354</xmin>
			<ymin>169</ymin>
			<xmax>445</xmax>
			<ymax>204</ymax>
		</bndbox>
	</object>
</annotation>