<annotation>
	<folder>Images</folder>
	<filename>screenshot_100.png</filename>
	<path>Data/all\screenshot_100.png</path>
	<source>
		<database>Unknown</database>
	</source>
	<size>
		<width>800</width>
		<height>450</height>
		<depth>3</depth>
	</size>
	<segmented>0</segmented>
	<object>
		<name>next_screen</name>
		<pose>Unspecified</pose>
		<truncated>0</truncated>
		<difficult>0</difficult>
		<bndbox>
			<xmin>5</xmin>
			<ymin>6</ymin>
			<xmax>796</xmax>
			<ymax>442</ymax>
		</bndbox>
	</object>
</annotation>