<annotation>
	<folder>Images</folder>
	<filename>screenshot_120.png</filename>
	<path>Data/all\screenshot_120.png</path>
	<source>
		<database>Unknown</database>
	</source>
	<size>
		<width>800</width>
		<height>450</height>
		<depth>3</depth>
	</size>
	<segmented>0</segmented>
	<object>
		<name>enemy_slug_big</name>
		<pose>Unspecified</pose>
		<truncated>0</truncated>
		<difficult>0</difficult>
		<bndbox>
			<xmin>290</xmin>
			<ymin>134</ymin>
			<xmax>323</xmax>
			<ymax>164</ymax>
		</bndbox>
	</object>
	<object>
		<name>enemy_slug_big</name>
		<pose>Unspecified</pose>
		<truncated>0</truncated>
		<difficult>0</difficult>
		<bndbox>
			<xmin>322</xmin>
			<ymin>137</ymin>
			<xmax>352</xmax>
			<ymax>165</ymax>
		</bndbox>
	</object>
	<object>
		<name>enemy_slug_big_hit</name>
		<pose>Unspecified</pose>
		<truncated>0</truncated>
		<difficult>0</difficult>
		<bndbox>
			<xmin>377</xmin>
			<ymin>159</ymin>
			<xmax>402</xmax>
			<ymax>200</ymax>
		</bndbox>
	</object>
	<object>
		<name>player_hit</name>
		<pose>Unspecified</pose>
		<truncated>0</truncated>
		<difficult>0</difficult>
		<bndbox>
			<xmin>379</xmin>
			<ymin>202</ymin>
			<xmax>419</xmax>
			<ymax>241</ymax>
		</bndbox>
	</object>
	<object>
		<name>trap_off</name>
		<pose>Unspecified</pose>
		<truncated>0</truncated>
		<difficult>0</difficult>
		<bndbox>
			<xmin>241</xmin>
			<ymin>199</ymin>
			<xmax>305</xmax>
			<ymax>232</ymax>
		</bndbox>
	</object>
	<object>
		<name>trap_off</name>
		<pose>Unspecified</pose>
		<truncated>0</truncated>
		<difficult>0</difficult>
		<bndbox>
			<xmin>369</xmin>
			<ymin>72</ymin>
			<xmax>432</xmax>
			<ymax>133</ymax>
		</bndbox>
	</object>
	<object>
		<name>trap_door</name>
		<pose>Unspecified</pose>
		<truncated>0</truncated>
		<difficult>0</difficult>
		<bndbox>
			<xmin>303</xmin>
			<ymin>7</ymin>
			<xmax>372</xmax>
			<ymax>69</ymax>
		</bndbox>
	</object>
	<object>
		<name>health-1</name>
		<pose>Unspecified</pose>
		<truncated>1</truncated>
		<difficult>0</difficult>
		<bndbox>
			<xmin>1</xmin>
			<ymin>19</ymin>
			<xmax>77</xmax>
			<ymax>42</ymax>
		</bndbox>
	</object>
	<object>
		<name>timer</name>
		<pose>Unspecified</pose>
		<truncated>1</truncated>
		<difficult>0</difficult>
		<bndbox>
			<xmin>339</xmin>
			<ymin>1</ymin>
			<xmax>462</xmax>
			<ymax>38</ymax>
		</bndbox>
	</object>
	<object>
		<name>gold_counter</name>
		<pose>Unspecified</pose>
		<truncated>1</truncated>
		<difficult>0</difficult>
		<bndbox>
			<xmin>686</xmin>
			<ymin>1</ymin>
			<xmax>799</xmax>
			<ymax>37</ymax>
		</bndbox>
	</object>
	<object>
		<name>door</name>
		<pose>Unspecified</pose>
		<truncated>1</truncated>
		<difficult>0</difficult>
		<bndbox>
			<xmin>304</xmin>
			<ymin>391</ymin>
			<xmax>368</xmax>
			<ymax>450</ymax>
		</bndbox>
	</object>
	<object>
		<name>bomb_counter_0</name>
		<pose>Unspecified</pose>
		<truncated>1</truncated>
		<difficult>0</difficult>
		<bndbox>
			<xmin>66</xmin>
			<ymin>412</ymin>
			<xmax>123</xmax>
			<ymax>450</ymax>
		</bndbox>
	</object>
	<object>
		<name>aim</name>
		<pose>Unspecified</pose>
		<truncated>0</truncated>
		<difficult>0</difficult>
		<bndbox>
			<xmin>337</xmin>
			<ymin>209</ymin>
			<xmax>365</xmax>
			<ymax>237</ymax>
		</bndbox>
	</object>
</annotation>